filename,object_location,image_small,image_thumb
IMG_4115_julian_defense.jpg,/objects/IMG_4115_julian_defense.jpg,/objects/small/img_4115_julian_defense_sm.jpg,/objects/thumbs/img_4115_julian_defense_th.jpg
PHOTO-2022-12-08-18-09-22-liz-laura.jpg,/objects/PHOTO-2022-12-08-18-09-22-liz-laura.jpg,/objects/small/photo-2022-12-08-18-09-22-liz-laura_sm.jpg,/objects/thumbs/photo-2022-12-08-18-09-22-liz-laura_th.jpg
enght001.pdf,/objects/enght001.pdf,/objects/small/enght001_sm.jpg,/objects/thumbs/enght001_th.jpg
enght002.pdf,/objects/enght002.pdf,/objects/small/enght002_sm.jpg,/objects/thumbs/enght002_th.jpg
enght003.pdf,/objects/enght003.pdf,/objects/small/enght003_sm.jpg,/objects/thumbs/enght003_th.jpg
enght004.pdf,/objects/enght004.pdf,/objects/small/enght004_sm.jpg,/objects/thumbs/enght004_th.jpg
enght006.pdf,/objects/enght006.pdf,/objects/small/enght006_sm.jpg,/objects/thumbs/enght006_th.jpg
enght008.pdf,/objects/enght008.pdf,/objects/small/enght008_sm.jpg,/objects/thumbs/enght008_th.jpg
enght009.pdf,/objects/enght009.pdf,/objects/small/enght009_sm.jpg,/objects/thumbs/enght009_th.jpg
enght011.pdf,/objects/enght011.pdf,/objects/small/enght011_sm.jpg,/objects/thumbs/enght011_th.jpg
enght017.pdf,/objects/enght017.pdf,/objects/small/enght017_sm.jpg,/objects/thumbs/enght017_th.jpg
enght018.pdf,/objects/enght018.pdf,/objects/small/enght018_sm.jpg,/objects/thumbs/enght018_th.jpg
enght024.pdf,/objects/enght024.pdf,/objects/small/enght024_sm.jpg,/objects/thumbs/enght024_th.jpg
enght025.pdf,/objects/enght025.pdf,/objects/small/enght025_sm.jpg,/objects/thumbs/enght025_th.jpg
enght029.pdf,/objects/enght029.pdf,/objects/small/enght029_sm.jpg,/objects/thumbs/enght029_th.jpg
enght030.pdf,/objects/enght030.pdf,/objects/small/enght030_sm.jpg,/objects/thumbs/enght030_th.jpg
enght032.pdf,/objects/enght032.pdf,/objects/small/enght032_sm.jpg,/objects/thumbs/enght032_th.jpg
